Company Name, Fund 
FIRSTGROUP,Aberforth UK Small Companies Accumulation Fund Analysis
REDDE NORTHGATE,Aberforth UK Small Companies Accumulation Fund Analysis
R P S GROUP,Aberforth UK Small Companies Accumulation Fund Analysis
MORGAN ADVANCED MATERIALS,Aberforth UK Small Companies Accumulation Fund Analysis
WINCANTON,Aberforth UK Small Companies Accumulation Fund Analysis
RATHBONES GROUP,Aberforth UK Small Companies Accumulation Fund Analysis
CENTAMIN,Aberforth UK Small Companies Accumulation Fund Analysis
ROBERT WALTERS,Aberforth UK Small Companies Accumulation Fund Analysis
WILMINGTON,Aberforth UK Small Companies Accumulation Fund Analysis
VIDENDUM,Aberforth UK Small Companies Accumulation Fund Analysis
ALPHA FINL MKTS CONSULTING,abrdn (AAM) UK Smaller Companies (Class I) Accumulation Fund Analysis
TELECOM PLUS,abrdn (AAM) UK Smaller Companies (Class I) Accumulation Fund Analysis
KAINOS GROUP,abrdn (AAM) UK Smaller Companies (Class I) Accumulation Fund Analysis
DISCOVERIE GROUP,abrdn (AAM) UK Smaller Companies (Class I) Accumulation Fund Analysis
4IMPRINT GROUP,abrdn (AAM) UK Smaller Companies (Class I) Accumulation Fund Analysis
JTC,abrdn (AAM) UK Smaller Companies (Class I) Accumulation Fund Analysis
MORTGAGE ADVICE BUREAU (HLDGS),abrdn (AAM) UK Smaller Companies (Class I) Accumulation Fund Analysis
BYTES TECHNOLOGY GROUP,abrdn (AAM) UK Smaller Companies (Class I) Accumulation Fund Analysis
GAMMA COMMUNICATIONS,abrdn (AAM) UK Smaller Companies (Class I) Accumulation Fund Analysis
SOMERO ENTERPRISE INC,abrdn (AAM) UK Smaller Companies (Class I) Accumulation Fund Analysis
KAINOS GROUP,abrdn UK Smaller Companies Accumulation Fund Analysis
TELECOM PLUS,abrdn UK Smaller Companies Accumulation Fund Analysis
HILTON FOOD GROUP,abrdn UK Smaller Companies Accumulation Fund Analysis
DISCOVERIE GROUP,abrdn UK Smaller Companies Accumulation Fund Analysis
SAFESTORE HLDGS,abrdn UK Smaller Companies Accumulation Fund Analysis
JTC,abrdn UK Smaller Companies Accumulation Fund Analysis
BYTES TECHNOLOGY GROUP,abrdn UK Smaller Companies Accumulation Fund Analysis
4IMPRINT GROUP,abrdn UK Smaller Companies Accumulation Fund Analysis
ERGOMED,abrdn UK Smaller Companies Accumulation Fund Analysis
WATCHES OF SWITZERLAND GROUP,abrdn UK Smaller Companies Accumulation Fund Analysis
GB GROUP,Aegon UK Smaller Companies (Class B) Accumulation Fund Analysis
ALPHA FX GROUP,Aegon UK Smaller Companies (Class B) Accumulation Fund Analysis
WATCHES OF SWITZERLAND GROUP,Aegon UK Smaller Companies (Class B) Accumulation Fund Analysis
TATTON ASSET MGMT,Aegon UK Smaller Companies (Class B) Accumulation Fund Analysis
MARLOWE,Aegon UK Smaller Companies (Class B) Accumulation Fund Analysis
JTC,Aegon UK Smaller Companies (Class B) Accumulation Fund Analysis
GAMMA COMMUNICATIONS,Aegon UK Smaller Companies (Class B) Accumulation Fund Analysis
BYTES TECHNOLOGY GROUP,Aegon UK Smaller Companies (Class B) Accumulation Fund Analysis
ASHTEAD TECHNOLOGY HOLDINGS,Aegon UK Smaller Companies (Class B) Accumulation Fund Analysis
4IMPRINT GROUP,Aegon UK Smaller Companies (Class B) Accumulation Fund Analysis
R P S GROUP,Artemis UK Smaller Companies (Class I) Accumulation Fund Analysis
NCC GROUP,Artemis UK Smaller Companies (Class I) Accumulation Fund Analysis
MEARS GROUP,Artemis UK Smaller Companies (Class I) Accumulation Fund Analysis
WILMINGTON,Artemis UK Smaller Companies (Class I) Accumulation Fund Analysis
SERCO GROUP,Artemis UK Smaller Companies (Class I) Accumulation Fund Analysis
MONEYSUPERMARKET.COM GROUP,Artemis UK Smaller Companies (Class I) Accumulation Fund Analysis
H & T GROUP,Artemis UK Smaller Companies (Class I) Accumulation Fund Analysis
RWS HOLDINGS,Artemis UK Smaller Companies (Class I) Accumulation Fund Analysis
GB GROUP,Artemis UK Smaller Companies (Class I) Accumulation Fund Analysis
EMIS GROUP,Artemis UK Smaller Companies (Class I) Accumulation Fund Analysis
CERILLION,AXA Framlington UK Smaller Companies (Class Z) Accumulation Fund Analysis
TRACSIS,AXA Framlington UK Smaller Companies (Class Z) Accumulation Fund Analysis
CVS GROUP,AXA Framlington UK Smaller Companies (Class Z) Accumulation Fund Analysis
HOLLYWOOD BOWL GROUP,AXA Framlington UK Smaller Companies (Class Z) Accumulation Fund Analysis
ACCESSO TECHNOLOGY GRP,AXA Framlington UK Smaller Companies (Class Z) Accumulation Fund Analysis
ALPHA FX GROUP,AXA Framlington UK Smaller Companies (Class Z) Accumulation Fund Analysis
JTC,AXA Framlington UK Smaller Companies (Class Z) Accumulation Fund Analysis
APTITUDE SOFTWARE GROUP,AXA Framlington UK Smaller Companies (Class Z) Accumulation Fund Analysis
ROBERT WALTERS,AXA Framlington UK Smaller Companies (Class Z) Accumulation Fund Analysis
DISCOVERIE GROUP,AXA Framlington UK Smaller Companies (Class Z) Accumulation Fund Analysis
4IMPRINT GROUP,Baillie Gifford British Smallr Companies (Class B) Income Fund Analysis
ALPHA FX GROUP,Baillie Gifford British Smallr Companies (Class B) Income Fund Analysis
YOUGOV,Baillie Gifford British Smallr Companies (Class B) Income Fund Analysis
BURFORD CAPITAL LTD,Baillie Gifford British Smallr Companies (Class B) Income Fund Analysis
DOTDIGITAL GROUP,Baillie Gifford British Smallr Companies (Class B) Income Fund Analysis
JUDGES SCIENTIFIC,Baillie Gifford British Smallr Companies (Class B) Income Fund Analysis
KAINOS GROUP,Baillie Gifford British Smallr Companies (Class B) Income Fund Analysis
VICTORIA,Baillie Gifford British Smallr Companies (Class B) Income Fund Analysis
TEAM17 GROUP,Baillie Gifford British Smallr Companies (Class B) Income Fund Analysis
TRUSTPILOT GROUP,Baillie Gifford British Smallr Companies (Class B) Income Fund Analysis
BlackRock Institutional Cash Series ICS US Dollar Liquid Environmentally Aware Agency,BlackRock Growth & Recovery Accumulation Fund Analysis
CVS GROUP,BlackRock Growth & Recovery Accumulation Fund Analysis
WATCHES OF SWITZERLAND GROUP,BlackRock Growth & Recovery Accumulation Fund Analysis
GAMMA COMMUNICATIONS,BlackRock Growth & Recovery Accumulation Fund Analysis
4IMPRINT GROUP,BlackRock Growth & Recovery Accumulation Fund Analysis
OXFORD INSTRUMENTS,BlackRock Growth & Recovery Accumulation Fund Analysis
SPIRENT COMMUNICATIONS,BlackRock Growth & Recovery Accumulation Fund Analysis
ERGOMED,BlackRock Growth & Recovery Accumulation Fund Analysis
QINETIQ GROUP,BlackRock Growth & Recovery Accumulation Fund Analysis
BLOOMSBURY PUBLISHING,BlackRock Growth & Recovery Accumulation Fund Analysis
BlackRock Institutional Cash Series ICS US Dollar Liquid Environmentally Aware Agency,BlackRock UK Smaller Companies (Class D) Accumulation Fund Analysis
CVS GROUP,BlackRock UK Smaller Companies (Class D) Accumulation Fund Analysis
4IMPRINT GROUP,BlackRock UK Smaller Companies (Class D) Accumulation Fund Analysis
GAMMA COMMUNICATIONS,BlackRock UK Smaller Companies (Class D) Accumulation Fund Analysis
WATCHES OF SWITZERLAND GROUP,BlackRock UK Smaller Companies (Class D) Accumulation Fund Analysis
QINETIQ GROUP,BlackRock UK Smaller Companies (Class D) Accumulation Fund Analysis
BLOOMSBURY PUBLISHING,BlackRock UK Smaller Companies (Class D) Accumulation Fund Analysis
ERGOMED,BlackRock UK Smaller Companies (Class D) Accumulation Fund Analysis
SPIRENT COMMUNICATIONS,BlackRock UK Smaller Companies (Class D) Accumulation Fund Analysis
AUCTION TECHNOLOGY GROUP,BlackRock UK Smaller Companies (Class D) Accumulation Fund Analysis
TRACSIS,Castlefield B.E.S.T Sustainable UK Smaller Comps Income Fund Analysis
Gresham House Gresham House Plc Ord GBP0.25,Castlefield B.E.S.T Sustainable UK Smaller Comps Income Fund Analysis
GYM GROUP,Castlefield B.E.S.T Sustainable UK Smaller Comps Income Fund Analysis
ECKOH,Castlefield B.E.S.T Sustainable UK Smaller Comps Income Fund Analysis
MACFARLANE GROUP,Castlefield B.E.S.T Sustainable UK Smaller Comps Income Fund Analysis
CML MICROSYSTEMS,Castlefield B.E.S.T Sustainable UK Smaller Comps Income Fund Analysis
OXFORD METRICS,Castlefield B.E.S.T Sustainable UK Smaller Comps Income Fund Analysis
PORVAIR,Castlefield B.E.S.T Sustainable UK Smaller Comps Income Fund Analysis
EKF DIAGNOSTICS HOLDINGS,Castlefield B.E.S.T Sustainable UK Smaller Comps Income Fund Analysis
CALNEX SOLUTIONS,Castlefield B.E.S.T Sustainable UK Smaller Comps Income Fund Analysis
EUROMONEY INSTITUTIONAL INVESTOR,CT UK Smaller Companies (Class 2) Accumulation Fund Analysis
ENERGEAN,CT UK Smaller Companies (Class 2) Accumulation Fund Analysis
TELECOM PLUS,CT UK Smaller Companies (Class 2) Accumulation Fund Analysis
R P S GROUP,CT UK Smaller Companies (Class 2) Accumulation Fund Analysis
BIFFA,CT UK Smaller Companies (Class 2) Accumulation Fund Analysis
NEXT FIFTEEN COMMUNICATIONS GROUP,CT UK Smaller Companies (Class 2) Accumulation Fund Analysis
OSB GROUP,CT UK Smaller Companies (Class 2) Accumulation Fund Analysis
4IMPRINT GROUP,CT UK Smaller Companies (Class 2) Accumulation Fund Analysis
REDDE NORTHGATE,CT UK Smaller Companies (Class 2) Accumulation Fund Analysis
TREATT,CT UK Smaller Companies (Class 2) Accumulation Fund Analysis
DIVERSIFIED ENERGY CO,ES River & Mercantile UK Eq Smaller Cos (Class B) Accumulation Fund Analysis
SERCO GROUP,ES River & Mercantile UK Eq Smaller Cos (Class B) Accumulation Fund Analysis
ALPHA FINL MKTS CONSULTING,ES River & Mercantile UK Eq Smaller Cos (Class B) Accumulation Fund Analysis
ALPHA FX GROUP,ES River & Mercantile UK Eq Smaller Cos (Class B) Accumulation Fund Analysis
SMART METERING SYSTEMS,ES River & Mercantile UK Eq Smaller Cos (Class B) Accumulation Fund Analysis
Supermarket Income REIT Plc Supermarket Income REIT Plc ORD GBP0.01,ES River & Mercantile UK Eq Smaller Cos (Class B) Accumulation Fund Analysis
SPIRENT COMMUNICATIONS,ES River & Mercantile UK Eq Smaller Cos (Class B) Accumulation Fund Analysis
OSB GROUP,ES River & Mercantile UK Eq Smaller Cos (Class B) Accumulation Fund Analysis
INDIVIOR,ES River & Mercantile UK Eq Smaller Cos (Class B) Accumulation Fund Analysis
GAMMA COMMUNICATIONS,ES River & Mercantile UK Eq Smaller Cos (Class B) Accumulation Fund Analysis
SERCO GROUP,Fidelity UK Smaller Companies (Class W) Accumulation Fund Analysis
CONTOURGLOBAL,Fidelity UK Smaller Companies (Class W) Accumulation Fund Analysis
R P S GROUP,Fidelity UK Smaller Companies (Class W) Accumulation Fund Analysis
MITIE GROUP,Fidelity UK Smaller Companies (Class W) Accumulation Fund Analysis
CLOSE BROS GROUP,Fidelity UK Smaller Companies (Class W) Accumulation Fund Analysis
Fidelity Offshore Institutional Liquidity - Sterling Class A,Fidelity UK Smaller Companies (Class W) Accumulation Fund Analysis
WILMINGTON,Fidelity UK Smaller Companies (Class W) Accumulation Fund Analysis
SPIRE HEALTHCARE GROUP,Fidelity UK Smaller Companies (Class W) Accumulation Fund Analysis
ESSENTRA,Fidelity UK Smaller Companies (Class W) Accumulation Fund Analysis
DCC,Fidelity UK Smaller Companies (Class W) Accumulation Fund Analysis
NEXT FIFTEEN COMMUNICATIONS GROUP,FP Octopus UK Micro Cap Growth (P) Accumulation Fund Analysis
BRICKABILITY GROUP,FP Octopus UK Micro Cap Growth (P) Accumulation Fund Analysis
RENEW HLDGS,FP Octopus UK Micro Cap Growth (P) Accumulation Fund Analysis
KEYWORDS STUDIOS,FP Octopus UK Micro Cap Growth (P) Accumulation Fund Analysis
Hasgrove Ltd.,FP Octopus UK Micro Cap Growth (P) Accumulation Fund Analysis
RWS HOLDINGS,FP Octopus UK Micro Cap Growth (P) Accumulation Fund Analysis
RICARDO,FP Octopus UK Micro Cap Growth (P) Accumulation Fund Analysis
H & T GROUP,FP Octopus UK Micro Cap Growth (P) Accumulation Fund Analysis
FRENKEL TOPPING GROUP,FP Octopus UK Micro Cap Growth (P) Accumulation Fund Analysis
STV GROUP,FP Octopus UK Micro Cap Growth (P) Accumulation Fund Analysis
ALPHA FX GROUP,FTF Martin Currie UK Smaller Companies (W) Accumulation Fund Analysis
VIDENDUM,FTF Martin Currie UK Smaller Companies (W) Accumulation Fund Analysis
DISCOVERIE GROUP,FTF Martin Currie UK Smaller Companies (W) Accumulation Fund Analysis
Gresham House Gresham House Plc Ord GBP0.25,FTF Martin Currie UK Smaller Companies (W) Accumulation Fund Analysis
POLAR CAPITAL HOLDINGS PLC.,FTF Martin Currie UK Smaller Companies (W) Accumulation Fund Analysis
BIG TECHNOLOGIES,FTF Martin Currie UK Smaller Companies (W) Accumulation Fund Analysis
FORESIGHT GROUP HLDGS LTD,FTF Martin Currie UK Smaller Companies (W) Accumulation Fund Analysis
RWS HOLDINGS,FTF Martin Currie UK Smaller Companies (W) Accumulation Fund Analysis
TINYBUILD INC,FTF Martin Currie UK Smaller Companies (W) Accumulation Fund Analysis
JET2,FTF Martin Currie UK Smaller Companies (W) Accumulation Fund Analysis
IQGEO GROUP,IFSL Marlborough Nano-Cap Growth (Class P) Accumulation Fund Analysis
ALPHA FX GROUP,IFSL Marlborough Nano-Cap Growth (Class P) Accumulation Fund Analysis
AFRITIN MINING LIMITED,IFSL Marlborough Nano-Cap Growth (Class P) Accumulation Fund Analysis
ZOO DIGITAL GROUP,IFSL Marlborough Nano-Cap Growth (Class P) Accumulation Fund Analysis
EAGLE EYE SOLUTIONS LTD,IFSL Marlborough Nano-Cap Growth (Class P) Accumulation Fund Analysis
CERILLION,IFSL Marlborough Nano-Cap Growth (Class P) Accumulation Fund Analysis
CONCURRENT TECHNOLOGIES,IFSL Marlborough Nano-Cap Growth (Class P) Accumulation Fund Analysis
ACCESSO TECHNOLOGY GRP,IFSL Marlborough Nano-Cap Growth (Class P) Accumulation Fund Analysis
WATER INTELLIGENCE,IFSL Marlborough Nano-Cap Growth (Class P) Accumulation Fund Analysis
RECORD,IFSL Marlborough Nano-Cap Growth (Class P) Accumulation Fund Analysis
4IMPRINT GROUP,Invesco UK Smaller Cos Equity (Class Y) Accumulation Fund Analysis
JTC,Invesco UK Smaller Cos Equity (Class Y) Accumulation Fund Analysis
CVS GROUP,Invesco UK Smaller Cos Equity (Class Y) Accumulation Fund Analysis
ENERGEAN,Invesco UK Smaller Cos Equity (Class Y) Accumulation Fund Analysis
ADVANCED MEDICAL SOLUTIONS GROUP,Invesco UK Smaller Cos Equity (Class Y) Accumulation Fund Analysis
ESSENTRA,Invesco UK Smaller Cos Equity (Class Y) Accumulation Fund Analysis
SERCO GROUP,Invesco UK Smaller Cos Equity (Class Y) Accumulation Fund Analysis
HILL & SMITH,Invesco UK Smaller Cos Equity (Class Y) Accumulation Fund Analysis
HOLLYWOOD BOWL GROUP,Invesco UK Smaller Cos Equity (Class Y) Accumulation Fund Analysis
KEYWORDS STUDIOS,Invesco UK Smaller Cos Equity (Class Y) Accumulation Fund Analysis
IMPAX ASSET MANAGEMENT GROUP,Janus Henderson UK Smaller Companies (Cla Accumulation Fund Analysis
OXFORD INSTRUMENTS,Janus Henderson UK Smaller Companies (Cla Accumulation Fund Analysis
BALFOUR BEATTY,Janus Henderson UK Smaller Companies (Cla Accumulation Fund Analysis
BELLWAY,Janus Henderson UK Smaller Companies (Cla Accumulation Fund Analysis
OSB GROUP,Janus Henderson UK Smaller Companies (Cla Accumulation Fund Analysis
WATCHES OF SWITZERLAND GROUP,Janus Henderson UK Smaller Companies (Cla Accumulation Fund Analysis
PARAGON BANKING GROUP,Janus Henderson UK Smaller Companies (Cla Accumulation Fund Analysis
TEAM17 GROUP,Janus Henderson UK Smaller Companies (Cla Accumulation Fund Analysis
FUTURE,Janus Henderson UK Smaller Companies (Cla Accumulation Fund Analysis
VESUVIUS,Janus Henderson UK Smaller Companies (Cla Accumulation Fund Analysis
iShares iShares plc FTSE 250 UCITS ETF GBP (Dist),JPM UK Smaller Companies (Class C) Accumulation Fund Analysis
SERICA ENERGY,JPM UK Smaller Companies (Class C) Accumulation Fund Analysis
ALPHA FX GROUP,JPM UK Smaller Companies (Class C) Accumulation Fund Analysis
OSB GROUP,JPM UK Smaller Companies (Class C) Accumulation Fund Analysis
ERGOMED,JPM UK Smaller Companies (Class C) Accumulation Fund Analysis
ENERGEAN,JPM UK Smaller Companies (Class C) Accumulation Fund Analysis
PREMIER FOODS,JPM UK Smaller Companies (Class C) Accumulation Fund Analysis
BANK OF GEORGIA GROUP,JPM UK Smaller Companies (Class C) Accumulation Fund Analysis
NEXT FIFTEEN COMMUNICATIONS GROUP,JPM UK Smaller Companies (Class C) Accumulation Fund Analysis
WATCHES OF SWITZERLAND GROUP,JPM UK Smaller Companies (Class C) Accumulation Fund Analysis
OSB GROUP,Jupiter UK Smaller Companies (Class I) Accumulation Fund Analysis
GAMMA COMMUNICATIONS,Jupiter UK Smaller Companies (Class I) Accumulation Fund Analysis
Starling Bank Ltd (Oeic),Jupiter UK Smaller Companies (Class I) Accumulation Fund Analysis
SMART METERING SYSTEMS,Jupiter UK Smaller Companies (Class I) Accumulation Fund Analysis
JTC,Jupiter UK Smaller Companies (Class I) Accumulation Fund Analysis
ALPHA FX GROUP,Jupiter UK Smaller Companies (Class I) Accumulation Fund Analysis
TELECOM PLUS,Jupiter UK Smaller Companies (Class I) Accumulation Fund Analysis
SPIRENT COMMUNICATIONS,Jupiter UK Smaller Companies (Class I) Accumulation Fund Analysis
CHEMRING GROUP,Jupiter UK Smaller Companies (Class I) Accumulation Fund Analysis
SERCO GROUP,Jupiter UK Smaller Companies (Class I) Accumulation Fund Analysis
OSB GROUP,Jupiter UK Smaller Companies Equity (Class I) Accumulation Fund Analysis
ALPHA FX GROUP,Jupiter UK Smaller Companies Equity (Class I) Accumulation Fund Analysis
JTC,Jupiter UK Smaller Companies Equity (Class I) Accumulation Fund Analysis
GAMMA COMMUNICATIONS,Jupiter UK Smaller Companies Equity (Class I) Accumulation Fund Analysis
SERCO GROUP,Jupiter UK Smaller Companies Equity (Class I) Accumulation Fund Analysis
COSTAIN GROUP,Jupiter UK Smaller Companies Equity (Class I) Accumulation Fund Analysis
K3 CAPITAL GROUP,Jupiter UK Smaller Companies Equity (Class I) Accumulation Fund Analysis
SPIRENT COMMUNICATIONS,Jupiter UK Smaller Companies Equity (Class I) Accumulation Fund Analysis
GRESHAM TECHNOLOGIES,Jupiter UK Smaller Companies Equity (Class I) Accumulation Fund Analysis
ALPHA FINL MKTS CONSULTING,Jupiter UK Smaller Companies Equity (Class I) Accumulation Fund Analysis
Starling Bank Ltd B Shares Mcicl,Jupiter UK Smaller Companies Focus (I Offshore) Income Fund Analysis
OSB GROUP,Jupiter UK Smaller Companies Focus (I Offshore) Income Fund Analysis
ALPHA FX GROUP,Jupiter UK Smaller Companies Focus (I Offshore) Income Fund Analysis
GAMMA COMMUNICATIONS,Jupiter UK Smaller Companies Focus (I Offshore) Income Fund Analysis
AUCTION TECHNOLOGY GROUP,Jupiter UK Smaller Companies Focus (I Offshore) Income Fund Analysis
TELECOM PLUS,Jupiter UK Smaller Companies Focus (I Offshore) Income Fund Analysis
Keystone Law Group PLC Keystone Law Group Ord 0.2P,Jupiter UK Smaller Companies Focus (I Offshore) Income Fund Analysis
SPIRENT COMMUNICATIONS,Jupiter UK Smaller Companies Focus (I Offshore) Income Fund Analysis
KIN AND CARTA,Jupiter UK Smaller Companies Focus (I Offshore) Income Fund Analysis
Merian Chrysalis Investment Company Limited Chrysalis Investment Company Ltd Ord,Jupiter UK Smaller Companies Focus (I Offshore) Income Fund Analysis
ENERGEAN,Legal & General UK Smaller Companies (Class I) Accumulation Fund Analysis
DISCOVERIE GROUP,Legal & General UK Smaller Companies (Class I) Accumulation Fund Analysis
BIFFA,Legal & General UK Smaller Companies (Class I) Accumulation Fund Analysis
KELLER GROUP,Legal & General UK Smaller Companies (Class I) Accumulation Fund Analysis
HILL & SMITH,Legal & General UK Smaller Companies (Class I) Accumulation Fund Analysis
CVS GROUP,Legal & General UK Smaller Companies (Class I) Accumulation Fund Analysis
OSB GROUP,Legal & General UK Smaller Companies (Class I) Accumulation Fund Analysis
NCC GROUP,Legal & General UK Smaller Companies (Class I) Accumulation Fund Analysis
CLARKSON,Legal & General UK Smaller Companies (Class I) Accumulation Fund Analysis
CRANSWICK,Legal & General UK Smaller Companies (Class I) Accumulation Fund Analysis
KAPE TECHNOLOGIES,LF Gresham House UK Micro Cap Accumulation Fund Analysis
MATTIOLI WOODS,LF Gresham House UK Micro Cap Accumulation Fund Analysis
XPS PENSIONS GROUP,LF Gresham House UK Micro Cap Accumulation Fund Analysis
INSPIRED ENERGY,LF Gresham House UK Micro Cap Accumulation Fund Analysis
RANDALL & QUILTER INVT HLDGS LTD,LF Gresham House UK Micro Cap Accumulation Fund Analysis
COSTAIN GROUP,LF Gresham House UK Micro Cap Accumulation Fund Analysis
LOUNGERS,LF Gresham House UK Micro Cap Accumulation Fund Analysis
ALPHA FINL MKTS CONSULTING,LF Gresham House UK Micro Cap Accumulation Fund Analysis
KNIGHTS GROUP HLDGS,LF Gresham House UK Micro Cap Accumulation Fund Analysis
ANGLING DIRECT,LF Gresham House UK Micro Cap Accumulation Fund Analysis
AUGEAN,LF Gresham House UK Smaller Companies Accumulation Fund Analysis
RPS GROUP,LF Gresham House UK Smaller Companies Accumulation Fund Analysis
ULS TECHNOLOGY,LF Gresham House UK Smaller Companies Accumulation Fund Analysis
REACH,LF Gresham House UK Smaller Companies Accumulation Fund Analysis
DX (GROUP),LF Gresham House UK Smaller Companies Accumulation Fund Analysis
RANK GROUP,LF Gresham House UK Smaller Companies Accumulation Fund Analysis
FLOWTECH FLUIDPOWER,LF Gresham House UK Smaller Companies Accumulation Fund Analysis
STV GROUP,LF Gresham House UK Smaller Companies Accumulation Fund Analysis
POLAR CAPITAL HLDGS,LF Gresham House UK Smaller Companies Accumulation Fund Analysis
RANDALL & QUILTER INVT HLDGS LTD,LF Gresham House UK Smaller Companies Accumulation Fund Analysis
ECKOH,Liontrust UK Micro Cap (Class I) Accumulation Fund Analysis
TATTON ASSET MGMT,Liontrust UK Micro Cap (Class I) Accumulation Fund Analysis
RECORD,Liontrust UK Micro Cap (Class I) Accumulation Fund Analysis
KITWAVE GROUP,Liontrust UK Micro Cap (Class I) Accumulation Fund Analysis
FONIX MOBILE LTD,Liontrust UK Micro Cap (Class I) Accumulation Fund Analysis
FINTEL,Liontrust UK Micro Cap (Class I) Accumulation Fund Analysis
TRISTEL,Liontrust UK Micro Cap (Class I) Accumulation Fund Analysis
EAGLE EYE SOLUTIONS LTD,Liontrust UK Micro Cap (Class I) Accumulation Fund Analysis
SOLID STATE,Liontrust UK Micro Cap (Class I) Accumulation Fund Analysis
CML MICROSYSTEMS,Liontrust UK Micro Cap (Class I) Accumulation Fund Analysis
ALPHA FX GROUP,Liontrust UK Smaller Companies (Class I) Accumulation Fund Analysis
YOUGOV,Liontrust UK Smaller Companies (Class I) Accumulation Fund Analysis
ROBERT WALTERS,Liontrust UK Smaller Companies (Class I) Accumulation Fund Analysis
NEXT FIFTEEN COMMUNICATIONS GROUP,Liontrust UK Smaller Companies (Class I) Accumulation Fund Analysis
THORPE(F.W.),Liontrust UK Smaller Companies (Class I) Accumulation Fund Analysis
SMART METERING SYSTEMS,Liontrust UK Smaller Companies (Class I) Accumulation Fund Analysis
IMPAX ASSET MANAGEMENT GROUP,Liontrust UK Smaller Companies (Class I) Accumulation Fund Analysis
GLOBALDATA,Liontrust UK Smaller Companies (Class I) Accumulation Fund Analysis
RWS HOLDINGS,Liontrust UK Smaller Companies (Class I) Accumulation Fund Analysis
FRP ADVISORY GROUP,Liontrust UK Smaller Companies (Class I) Accumulation Fund Analysis
R P S GROUP,M&G Smaller Companies (Class I) Accumulation Fund Analysis
ALPHA FINL MKTS CONSULTING,M&G Smaller Companies (Class I) Accumulation Fund Analysis
MONEYSUPERMARKET.COM GROUP,M&G Smaller Companies (Class I) Accumulation Fund Analysis
KIN AND CARTA,M&G Smaller Companies (Class I) Accumulation Fund Analysis
NCC GROUP,M&G Smaller Companies (Class I) Accumulation Fund Analysis
HILL & SMITH,M&G Smaller Companies (Class I) Accumulation Fund Analysis
LANCASHIRE HLDGS,M&G Smaller Companies (Class I) Accumulation Fund Analysis
HUNTING,M&G Smaller Companies (Class I) Accumulation Fund Analysis
Northern Trust The Sterling Fund Class E,M&G Smaller Companies (Class I) Accumulation Fund Analysis
PREMIER FOODS,M&G Smaller Companies (Class I) Accumulation Fund Analysis
HEIQ,MI Sterling Select Companies Fund Accumulation Fund Analysis
COCA-COLA HBC AG,MI Sterling Select Companies Fund Accumulation Fund Analysis
LIONTRUST ASSET MANAGEMENT,MI Sterling Select Companies Fund Accumulation Fund Analysis
OPEN ORPHAN,MI Sterling Select Companies Fund Accumulation Fund Analysis
TREATT,MI Sterling Select Companies Fund Accumulation Fund Analysis
INTERMEDIATE CAPITAL GROUP,MI Sterling Select Companies Fund Accumulation Fund Analysis
SANDERSON DESIGN GROUP,MI Sterling Select Companies Fund Accumulation Fund Analysis
DR. MARTENS,MI Sterling Select Companies Fund Accumulation Fund Analysis
EUROMONEY INSTITUTIONAL INVESTOR,MI Sterling Select Companies Fund Accumulation Fund Analysis
NCC GROUP,MI Sterling Select Companies Fund Accumulation Fund Analysis
SMART METERING SYSTEMS,Ninety One UK Smaller Companies (Inst) Accumulation Fund Analysis
INSPECS GROUP,Ninety One UK Smaller Companies (Inst) Accumulation Fund Analysis
JTC,Ninety One UK Smaller Companies (Inst) Accumulation Fund Analysis
ASCENTIAL,Ninety One UK Smaller Companies (Inst) Accumulation Fund Analysis
GB GROUP,Ninety One UK Smaller Companies (Inst) Accumulation Fund Analysis
DIVERSIFIED ENERGY CO,Ninety One UK Smaller Companies (Inst) Accumulation Fund Analysis
AUCTION TECHNOLOGY GROUP,Ninety One UK Smaller Companies (Inst) Accumulation Fund Analysis
OXFORD INSTRUMENTS,Ninety One UK Smaller Companies (Inst) Accumulation Fund Analysis
KITWAVE GROUP,Ninety One UK Smaller Companies (Inst) Accumulation Fund Analysis
AJ BELL,Ninety One UK Smaller Companies (Inst) Accumulation Fund Analysis
UNITE GROUP,Sarasin UK Thematic Smaller Companies (Class P) Accumulation Fund Analysis
SMART METERING SYSTEMS,Sarasin UK Thematic Smaller Companies (Class P) Accumulation Fund Analysis
WH SMITH,Sarasin UK Thematic Smaller Companies (Class P) Accumulation Fund Analysis
SMITH(DS),Sarasin UK Thematic Smaller Companies (Class P) Accumulation Fund Analysis
CVS GROUP,Sarasin UK Thematic Smaller Companies (Class P) Accumulation Fund Analysis
B & M EUROPEAN VALUE RETAIL SA,Sarasin UK Thematic Smaller Companies (Class P) Accumulation Fund Analysis
CRANSWICK,Sarasin UK Thematic Smaller Companies (Class P) Accumulation Fund Analysis
YOUGOV,Sarasin UK Thematic Smaller Companies (Class P) Accumulation Fund Analysis
SSP GROUP,Sarasin UK Thematic Smaller Companies (Class P) Accumulation Fund Analysis
RWS HOLDINGS,Sarasin UK Thematic Smaller Companies (Class P) Accumulation Fund Analysis
SAIETTA GROUP,Premier Miton UK Smaller Companies (Class Accumulation Fund Analysis
CYANCONNODE HLDGS,Premier Miton UK Smaller Companies (Class Accumulation Fund Analysis
CMC MARKETS,Premier Miton UK Smaller Companies (Class Accumulation Fund Analysis
ACCSYS TECHNOLOGIES,Premier Miton UK Smaller Companies (Class Accumulation Fund Analysis
DWF Group Ltd DWF Group Ltd Ord,Premier Miton UK Smaller Companies (Class Accumulation Fund Analysis
SAVANNAH ENERGY,Premier Miton UK Smaller Companies (Class Accumulation Fund Analysis
AFERIAN,Premier Miton UK Smaller Companies (Class Accumulation Fund Analysis
TOTALLY,Premier Miton UK Smaller Companies (Class Accumulation Fund Analysis
TRUFIN,Premier Miton UK Smaller Companies (Class Accumulation Fund Analysis
KISTOS,Premier Miton UK Smaller Companies (Class Accumulation Fund Analysis
ALPHA FINL MKTS CONSULTING,Royal London UK Smaller Companies (Class M) Accumulation Fund Analysis
ERGOMED,Royal London UK Smaller Companies (Class M) Accumulation Fund Analysis
GB GROUP,Royal London UK Smaller Companies (Class M) Accumulation Fund Analysis
SERICA ENERGY,Royal London UK Smaller Companies (Class M) Accumulation Fund Analysis
HOLLYWOOD BOWL GROUP,Royal London UK Smaller Companies (Class M) Accumulation Fund Analysis
OXFORD INSTRUMENTS,Royal London UK Smaller Companies (Class M) Accumulation Fund Analysis
CRANEWARE,Royal London UK Smaller Companies (Class M) Accumulation Fund Analysis
GLOBALDATA,Royal London UK Smaller Companies (Class M) Accumulation Fund Analysis
ADVANCED MEDICAL SOLUTIONS GROUP,Royal London UK Smaller Companies (Class M) Accumulation Fund Analysis
TRACSIS,Royal London UK Smaller Companies (Class M) Accumulation Fund Analysis
ALPHA FINL MKTS CONSULTING,Schroder UK Dynamic Smaller Companies (Z) Accumulation Fund Analysis
RENEW HLDGS,Schroder UK Dynamic Smaller Companies (Z) Accumulation Fund Analysis
SPIRE HEALTHCARE GROUP,Schroder UK Dynamic Smaller Companies (Z) Accumulation Fund Analysis
VP,Schroder UK Dynamic Smaller Companies (Z) Accumulation Fund Analysis
NCC GROUP,Schroder UK Dynamic Smaller Companies (Z) Accumulation Fund Analysis
QUIXANT,Schroder UK Dynamic Smaller Companies (Z) Accumulation Fund Analysis
VIDENDUM,Schroder UK Dynamic Smaller Companies (Z) Accumulation Fund Analysis
MIDWICH GROUP,Schroder UK Dynamic Smaller Companies (Z) Accumulation Fund Analysis
XAAR,Schroder UK Dynamic Smaller Companies (Z) Accumulation Fund Analysis
DISCOVERIE GROUP,Schroder UK Dynamic Smaller Companies (Z) Accumulation Fund Analysis
TREMOR INTL LTD,Schroder UK Smaller Companies (Class Z) Accumulation Fund Analysis
XAAR,Schroder UK Smaller Companies (Class Z) Accumulation Fund Analysis
VIDENDUM,Schroder UK Smaller Companies (Class Z) Accumulation Fund Analysis
COHORT,Schroder UK Smaller Companies (Class Z) Accumulation Fund Analysis
NCC GROUP,Schroder UK Smaller Companies (Class Z) Accumulation Fund Analysis
GLOBALDATA,Schroder UK Smaller Companies (Class Z) Accumulation Fund Analysis
APTITUDE SOFTWARE GROUP,Schroder UK Smaller Companies (Class Z) Accumulation Fund Analysis
ME GROUP INTERNATIONAL,Schroder UK Smaller Companies (Class Z) Accumulation Fund Analysis
ANGLO PACIFIC GROUP,Schroder UK Smaller Companies (Class Z) Accumulation Fund Analysis
TRACSIS,Schroder UK Smaller Companies (Class Z) Accumulation Fund Analysis
OSB GROUP,TB Amati UK Listed Smaller Companies (Class B) Accumulation Fund Analysis
ACCESSO TECHNOLOGY GRP,TB Amati UK Listed Smaller Companies (Class B) Accumulation Fund Analysis
CRANEWARE,TB Amati UK Listed Smaller Companies (Class B) Accumulation Fund Analysis
SPIRENT COMMUNICATIONS,TB Amati UK Listed Smaller Companies (Class B) Accumulation Fund Analysis
ERGOMED,TB Amati UK Listed Smaller Companies (Class B) Accumulation Fund Analysis
QINETIQ GROUP,TB Amati UK Listed Smaller Companies (Class B) Accumulation Fund Analysis
GAMMA COMMUNICATIONS,TB Amati UK Listed Smaller Companies (Class B) Accumulation Fund Analysis
I3 ENERGY,TB Amati UK Listed Smaller Companies (Class B) Accumulation Fund Analysis
POLAR CAPITAL HOLDINGS PLC.,TB Amati UK Listed Smaller Companies (Class B) Accumulation Fund Analysis
CLS HLDGS,TB Amati UK Listed Smaller Companies (Class B) Accumulation Fund Analysis
IOG,TM Stonehage Fleming AIM Class B Income Fund Analysis
TOTALLY,TM Stonehage Fleming AIM Class B Income Fund Analysis
SERICA ENERGY,TM Stonehage Fleming AIM Class B Income Fund Analysis
BEXIMCO PHARMACEUTICALS,TM Stonehage Fleming AIM Class B Income Fund Analysis
ZOO DIGITAL GROUP,TM Stonehage Fleming AIM Class B Income Fund Analysis
M&C SAATCHI,TM Stonehage Fleming AIM Class B Income Fund Analysis
EAGLE EYE SOLUTIONS LTD,TM Stonehage Fleming AIM Class B Income Fund Analysis
LOK'N STORE GROUP,TM Stonehage Fleming AIM Class B Income Fund Analysis
NETCALL,TM Stonehage Fleming AIM Class B Income Fund Analysis
KISTOS,TM Stonehage Fleming AIM Class B Income Fund Analysis
Currency,TM Tellworth UK Smaller Companies (Class I) Accumulation Fund Analysis
GRESHAM TECHNOLOGIES,TM Tellworth UK Smaller Companies (Class I) Accumulation Fund Analysis
VIDENDUM,TM Tellworth UK Smaller Companies (Class I) Accumulation Fund Analysis
VP,TM Tellworth UK Smaller Companies (Class I) Accumulation Fund Analysis
RICARDO,TM Tellworth UK Smaller Companies (Class I) Accumulation Fund Analysis
XPS PENSIONS GROUP,TM Tellworth UK Smaller Companies (Class I) Accumulation Fund Analysis
WINCANTON,TM Tellworth UK Smaller Companies (Class I) Accumulation Fund Analysis
SIG,TM Tellworth UK Smaller Companies (Class I) Accumulation Fund Analysis
SEVERFIELD,TM Tellworth UK Smaller Companies (Class I) Accumulation Fund Analysis
IOMART GROUP,TM Tellworth UK Smaller Companies (Class I) Accumulation Fund Analysis
GOODWIN,Unicorn UK Smaller Companies (Class B) Income Fund Analysis
SEVERFIELD,Unicorn UK Smaller Companies (Class B) Income Fund Analysis
SOMERO ENTERPRISE INC,Unicorn UK Smaller Companies (Class B) Income Fund Analysis
DEVRO,Unicorn UK Smaller Companies (Class B) Income Fund Analysis
ASHTEAD TECHNOLOGY HOLDINGS,Unicorn UK Smaller Companies (Class B) Income Fund Analysis
ALPHA FX GROUP,Unicorn UK Smaller Companies (Class B) Income Fund Analysis
ACCESSO TECHNOLOGY GRP,Unicorn UK Smaller Companies (Class B) Income Fund Analysis
4IMPRINT GROUP,Unicorn UK Smaller Companies (Class B) Income Fund Analysis
FULHAM SHORE PLC(THE),Unicorn UK Smaller Companies (Class B) Income Fund Analysis
IQE,Unicorn UK Smaller Companies (Class B) Income Fund Analysis
ENERGEAN,VT Teviot UK Smaller Companies Accumulation Fund Analysis
DRAX GROUP,VT Teviot UK Smaller Companies Accumulation Fund Analysis
MEARS GROUP,VT Teviot UK Smaller Companies Accumulation Fund Analysis
WILMINGTON,VT Teviot UK Smaller Companies Accumulation Fund Analysis
RATHBONES GROUP,VT Teviot UK Smaller Companies Accumulation Fund Analysis
RENEWI,VT Teviot UK Smaller Companies Accumulation Fund Analysis
R P S GROUP,VT Teviot UK Smaller Companies Accumulation Fund Analysis
STHREE,VT Teviot UK Smaller Companies Accumulation Fund Analysis
EMIS GROUP,VT Teviot UK Smaller Companies Accumulation Fund Analysis
Indivior PLC,VT Teviot UK Smaller Companies Accumulation Fund Analysis
